player_id,last_engagement_date
1,2024-06-11
2,2025-02-02
3,2023-06-30
4,2024-08-10
5,2025-03-21
6,2024-03-30
7,2024-08-17
8,2024-03-02
9,2025-02-03
10,2025-02-11
11,2024-01-22
12,2024-07-18
13,2024-07-28
14,2023-10-09
15,2025-05-29
16,2025-02-10
17,2023-03-28
18,2024-05-31
19,2024-03-25
20,2023-09-13
21,2025-01-08
22,2024-06-26
23,2023-03-05
24,2025-05-28
25,2024-11-18
26,2023-10-18
27,2025-03-13
28,2024-10-20
29,2024-10-09
30,2025-05-15
31,2025-01-22
32,2023-03-19
33,2023-12-31
34,2024-11-09
35,2025-08-04
36,2025-09-11
37,2025-03-01
38,2024-04-13
39,2024-01-31
40,2023-09-13
41,2025-04-02
42,2024-04-27
43,2024-05-20
44,2024-11-27
45,2024-08-30
46,2024-01-07
47,2025-08-09
48,2024-01-30
49,2023-09-03
50,2023-10-22
51,2024-12-20
52,2024-01-08
53,2024-04-15
54,2024-07-25
55,2025-07-02
56,2024-01-12
57,2024-01-10
58,2024-07-25
59,2024-04-28
60,2024-03-01
61,2025-04-12
62,2024-11-18
63,2024-06-27
64,2023-08-21
65,2023-09-26
66,2023-03-23
67,2024-07-24
68,2024-05-08
69,2024-01-03
70,2023-11-20
71,2024-08-28
72,2024-04-16
73,2023-03-22
74,2023-03-16
75,2024-06-29
76,2023-06-30
77,2024-07-20
78,2024-07-04
79,2025-08-16
80,2025-01-09
81,2023-07-09
82,2024-09-18
83,2025-01-14
84,2024-12-15
85,2024-11-06
86,2024-09-11
87,2024-06-22
88,2025-05-14
89,2025-08-04
90,2024-03-31
91,2024-02-17
92,2025-01-07
93,2025-08-31
94,2024-05-02
95,2024-09-10
96,2024-08-02
97,2024-11-29
98,2024-05-10
99,2024-12-01
100,2024-06-15
101,2024-03-19
102,2025-05-27
103,2025-01-28
104,2023-09-07
105,2023-10-11
106,2024-04-03
107,2025-06-25
108,2023-11-22
109,2023-09-28
110,2024-08-07
111,2024-06-18
112,2023-11-22
113,2025-02-17
114,2024-09-02
115,2024-06-01
116,2023-06-09
117,2025-03-09
118,2024-07-13
119,2024-11-27
120,2024-09-29
121,2024-10-10
122,2025-08-23
123,2025-04-02
124,2024-09-01
125,2024-08-10
126,2023-11-04
127,2023-07-12
128,2024-02-15
129,2025-02-18
130,2024-10-22
131,2025-09-11
132,2023-02-09
133,2025-02-18
134,2023-11-21
135,2023-06-14
136,2024-05-01
137,2024-01-03
138,2024-06-26
139,2023-12-02
140,2023-05-04
141,2024-08-21
142,2025-01-28
143,2025-05-21
144,2024-07-17
145,2024-04-04
146,2025-02-13
147,2024-12-17
148,2025-04-12
149,2024-04-12
150,2023-09-24
151,2025-03-03
152,2024-04-07
153,2025-11-04
154,2024-09-13
155,2025-02-17
156,2024-09-22
157,2024-09-16
158,2024-02-26
159,2025-05-07
160,2023-10-30
161,2024-08-07
162,2024-05-24
163,2023-11-25
164,2023-10-12
165,2025-03-06
166,2023-11-14
167,2023-08-21
168,2025-07-26
169,2024-06-06
170,2024-12-04
171,2023-10-12
172,2023-09-07
173,2024-11-10
174,2024-04-24
175,2025-10-04
176,2025-08-28
177,2025-02-13
178,2023-04-19
179,2024-11-03
180,2024-10-08
181,2024-04-21
182,2024-11-22
183,2024-12-01
184,2024-04-20
185,2025-03-09
186,2025-04-06
187,2024-12-12
188,2023-08-23
189,2024-12-06
190,2024-09-16
191,2025-05-08
192,2024-05-18
193,2024-11-28
194,2024-02-27
195,2024-02-21
196,2023-08-09
197,2023-06-30
198,2024-02-25
199,2024-07-21
200,2023-12-27
201,2024-02-03
202,2025-04-06
203,2024-09-05
204,2024-07-27
205,2024-09-02
206,2024-03-16
207,2024-12-06
208,2024-02-06
209,2025-03-16
210,2024-06-04
211,2023-07-22
212,2024-02-09
213,2023-12-15
214,2025-05-08
215,2025-07-03
216,2023-05-17
217,2023-11-27
218,2024-04-14
219,2024-11-18
220,2025-05-12
221,2025-05-16
222,2024-04-24
223,2024-04-13
224,2025-06-30
225,2023-11-23
226,2024-08-23
227,2025-06-19
228,2024-04-08
229,2023-05-17
230,2023-09-03
231,2025-04-22
232,2025-08-18
233,2024-08-26
234,2024-07-31
235,2024-10-13
236,2023-07-15
237,2024-11-16
238,2023-10-26
239,2024-11-17
240,2024-03-03
241,2023-10-20
242,2024-10-27
243,2025-01-30
244,2024-01-31
245,2023-05-07
246,2025-01-09
247,2024-02-04
248,2025-02-21
249,2024-09-12
250,2025-07-29
251,2023-04-06
252,2024-10-31
253,2023-08-06
254,2025-03-30
255,2024-06-24
256,2023-12-28
257,2025-06-11
258,2023-06-22
259,2023-12-26
260,2024-05-18
261,2024-06-29
262,2025-01-05
263,2025-09-01
264,2023-08-05
265,2024-12-04
266,2025-02-27
267,2025-05-20
268,2025-04-21
269,2024-06-27
270,2024-10-03
271,2024-01-29
272,2024-01-11
273,2023-07-05
274,2025-02-02
275,2023-04-04
276,2023-12-24
277,2024-12-22
278,2024-04-14
279,2024-12-23
280,2023-06-19
281,2024-08-21
282,2023-11-23
283,2025-10-25
284,2023-08-29
285,2025-02-09
286,2024-08-01
287,2024-10-21
288,2024-01-05
289,2025-07-22
290,2025-03-07
291,2024-10-06
292,2025-05-20
293,2023-02-20
294,2023-11-06
295,2024-04-24
296,2024-07-19
297,2024-07-23
298,2024-02-24
299,2024-09-12
300,2023-12-08
301,2024-12-23
302,2024-06-08
303,2024-10-14
304,2024-11-23
305,2024-01-28
306,2024-02-23
307,2024-08-27
308,2024-05-12
309,2025-09-22
310,2024-10-18
311,2025-04-13
312,2024-05-19
313,2024-01-24
314,2023-12-10
315,2024-08-18
316,2025-02-23
317,2023-06-21
318,2025-08-02
319,2023-08-06
320,2023-10-06
321,2024-11-15
322,2024-07-30
323,2024-07-15
324,2024-06-26
325,2025-05-22
326,2024-01-19
327,2025-01-08
328,2025-02-15
329,2025-07-11
330,2024-09-29
331,2024-06-30
332,2024-01-30
333,2024-09-26
334,2024-10-05
335,2024-05-26
336,2024-09-27
337,2024-04-27
338,2024-10-07
339,2024-11-03
340,2024-06-05
341,2025-01-08
342,2024-07-12
343,2024-08-07
344,2024-06-09
345,2023-03-12
346,2023-11-29
347,2024-04-10
348,2025-04-27
349,2023-07-13
350,2025-06-08
351,2024-04-19
352,2025-08-08
353,2024-11-06
354,2025-06-09
355,2025-02-25
356,2025-02-08
357,2024-08-10
358,2025-04-18
359,2023-09-15
360,2025-08-26
361,2023-08-26
362,2025-09-26
363,2024-01-01
364,2023-05-28
365,2023-04-15
366,2024-07-23
367,2023-09-04
368,2025-08-30
369,2024-09-27
370,2025-04-23
371,2023-11-23
372,2024-06-18
373,2024-10-23
374,2024-06-13
375,2024-06-10
376,2023-09-22
377,2025-02-02
378,2025-03-11
379,2025-04-19
380,2025-02-09
381,2023-10-09
382,2024-11-15
383,2024-02-07
384,2024-01-29
385,2025-12-03
386,2023-07-15
387,2023-09-17
388,2025-06-16
389,2025-08-26
390,2023-08-01
391,2024-09-08
392,2025-03-09
393,2023-12-16
394,2024-08-27
395,2023-11-02
396,2023-07-29
397,2024-12-09
398,2024-04-06
399,2025-04-20
400,2023-10-29
401,2023-12-20
402,2025-01-10
403,2025-08-05
404,2023-06-22
405,2024-02-17
406,2023-12-04
407,2025-02-18
408,2025-08-19
409,2024-04-28
410,2023-11-30
411,2025-01-29
412,2024-01-06
413,2023-09-07
414,2024-02-12
415,2024-02-16
416,2024-08-07
417,2024-08-07
418,2023-08-31
419,2025-06-05
420,2024-04-14
421,2024-12-13
422,2025-07-25
423,2023-05-06
424,2024-09-12
425,2024-06-06
426,2024-02-24
427,2023-02-20
428,2025-01-07
429,2025-06-03
430,2023-08-02
431,2024-09-29
432,2025-02-06
433,2024-07-02
434,2025-05-28
435,2025-04-10
436,2024-10-26
437,2024-05-07
438,2023-11-13
439,2023-12-17
440,2025-08-01
441,2024-03-09
442,2024-02-24
443,2024-07-22
444,2024-08-21
445,2024-06-04
446,2025-05-12
447,2025-04-06
448,2023-09-29
449,2024-05-22
450,2023-12-09
451,2024-02-01
452,2024-01-09
453,2025-06-24
454,2024-08-04
455,2023-07-06
456,2023-12-02
457,2023-06-20
458,2023-03-03
459,2023-09-24
460,2023-12-06
461,2023-12-23
462,2025-01-30
463,2024-01-05
464,2024-06-03
465,2024-05-17
466,2025-07-16
467,2025-02-12
468,2023-12-19
469,2023-10-25
470,2023-06-06
471,2025-09-12
472,2025-02-23
473,2024-01-03
474,2024-08-11
475,2024-12-18
476,2025-04-18
477,2023-10-21
478,2023-08-12
479,2025-05-28
480,2024-04-14
481,2025-08-08
482,2023-06-22
483,2024-12-07
484,2024-08-04
485,2023-12-05
486,2025-02-18
487,2025-04-10
488,2023-10-11
489,2024-05-05
490,2024-10-26
491,2024-05-23
492,2023-08-08
493,2025-05-24
494,2024-11-03
495,2024-04-22
496,2023-09-22
497,2023-02-27
498,2024-01-01
499,2025-02-02
500,2024-02-12
501,2025-10-29
502,2025-02-04
503,2024-09-16
504,2024-09-27
505,2024-07-09
506,2024-01-23
507,2024-11-03
508,2024-06-08
509,2024-09-29
510,2024-09-21
511,2025-03-07
512,2025-07-05
513,2024-10-29
514,2024-06-19
515,2024-03-01
516,2024-05-12
517,2024-01-20
518,2024-01-21
519,2023-09-28
520,2024-02-13
521,2023-06-28
522,2024-06-08
523,2024-12-22
524,2025-07-06
525,2025-04-23
526,2024-02-09
527,2024-03-07
528,2023-06-06
529,2025-03-23
530,2024-05-07
531,2025-06-10
532,2023-01-14
533,2024-07-04
534,2025-11-28
535,2024-04-23
536,2024-01-03
537,2024-10-14
538,2025-09-16
539,2024-04-11
540,2025-06-07
541,2024-04-10
542,2023-07-22
543,2024-11-17
544,2024-03-21
545,2024-10-14
546,2025-02-25
547,2024-03-26
548,2024-07-13
549,2023-12-30
550,2025-07-08
551,2023-12-18
552,2024-09-18
553,2025-02-10
554,2023-11-25
555,2025-09-10
556,2023-10-20
557,2024-03-15
558,2024-12-17
559,2023-05-25
560,2025-02-01
561,2024-06-08
562,2024-07-20
563,2024-05-11
564,2024-07-03
565,2023-05-02
566,2024-05-27
567,2024-02-22
568,2025-06-23
569,2025-07-16
570,2025-05-04
571,2024-09-10
572,2024-05-09
573,2025-05-17
574,2025-06-15
575,2023-12-01
576,2025-01-27
577,2024-08-08
578,2024-12-09
579,2025-06-22
580,2025-07-25
581,2025-08-05
582,2024-10-20
583,2023-10-13
584,2024-11-24
585,2025-01-09
586,2024-09-26
587,2023-05-12
588,2023-06-18
589,2024-04-19
590,2024-05-27
591,2025-09-23
592,2023-06-28
593,2024-02-20
594,2024-06-23
595,2024-04-24
596,2025-08-19
597,2024-07-04
598,2025-05-21
599,2023-05-25
600,2025-01-07
601,2024-08-14
602,2025-04-24
603,2023-07-04
604,2024-04-09
605,2024-10-23
606,2024-09-01
607,2024-01-30
608,2024-01-12
609,2025-01-02
610,2025-10-23
611,2024-05-12
612,2023-11-20
613,2023-10-11
614,2025-03-30
615,2024-04-15
616,2024-07-27
617,2025-06-14
618,2024-06-09
619,2024-07-13
620,2025-01-25
621,2024-05-07
622,2023-10-20
623,2024-05-01
624,2025-07-28
625,2023-05-18
626,2023-06-19
627,2024-11-18
628,2024-08-29
629,2024-03-15
630,2024-04-29
631,2024-03-03
632,2024-11-14
633,2024-02-26
634,2024-03-22
635,2025-03-03
636,2024-08-10
637,2024-05-17
638,2023-07-27
639,2025-07-30
640,2024-12-18
641,2025-04-03
642,2024-03-01
643,2025-04-26
644,2023-06-06
645,2024-05-13
646,2023-09-06
647,2024-03-15
648,2023-10-30
649,2024-01-09
650,2024-05-27
651,2025-01-13
652,2024-04-28
653,2024-10-05
654,2025-06-16
655,2025-05-01
656,2024-06-11
657,2025-03-21
658,2024-11-14
659,2024-03-07
660,2023-05-09
661,2023-12-15
662,2023-10-30
663,2023-07-06
664,2023-12-03
665,2023-11-05
666,2025-06-07
667,2024-07-15
668,2024-04-29
669,2025-02-18
670,2025-06-03
671,2024-12-17
672,2024-06-27
673,2025-01-06
674,2023-04-26
675,2025-05-03
676,2024-02-18
677,2023-07-29
678,2024-06-04
679,2025-10-31
680,2024-01-09
681,2024-08-27
682,2024-06-24
683,2024-07-03
684,2024-03-26
685,2024-10-24
686,2024-05-24
687,2024-05-10
688,2025-12-11
689,2024-12-22
690,2024-11-23
691,2023-11-27
692,2025-10-24
693,2023-08-04
694,2025-03-10
695,2024-03-18
696,2024-03-24
697,2023-06-27
698,2023-06-06
699,2024-02-20
700,2024-06-02
701,2023-05-06
702,2025-03-29
703,2023-05-30
704,2025-09-18
705,2024-03-22
706,2023-11-02
707,2023-06-03
708,2024-10-12
709,2023-10-10
710,2023-05-19
711,2023-06-11
712,2024-07-09
713,2024-07-12
714,2023-11-25
715,2025-09-30
716,2023-08-11
717,2023-11-09
718,2023-12-14
719,2024-12-12
720,2024-02-15
721,2023-07-10
722,2024-10-19
723,2025-08-01
724,2024-01-21
725,2023-09-15
726,2024-12-13
727,2024-12-06
728,2025-04-13
729,2023-11-02
730,2024-08-15
731,2024-02-10
732,2023-11-15
733,2024-02-22
734,2024-12-02
735,2024-02-03
736,2025-08-17
737,2025-10-12
738,2024-01-21
739,2024-03-28
740,2024-10-07
741,2025-06-24
742,2024-11-13
743,2025-05-09
744,2023-11-05
745,2023-08-14
746,2024-03-20
747,2025-06-21
748,2025-05-24
749,2023-04-22
750,2023-12-07
751,2023-12-20
752,2024-11-23
753,2024-10-30
754,2023-10-06
755,2023-11-10
756,2025-01-10
757,2023-08-01
758,2025-04-18
759,2023-09-04
760,2024-04-23
761,2025-08-26
762,2024-01-14
763,2023-08-27
764,2023-12-28
765,2025-03-07
766,2025-07-06
767,2024-05-13
768,2024-05-24
769,2024-04-21
770,2024-10-23
771,2023-12-24
772,2023-12-15
773,2025-02-08
774,2023-03-27
775,2024-04-28
776,2025-09-24
777,2024-08-08
778,2024-01-27
779,2024-04-22
780,2024-04-06
781,2023-11-15
782,2025-03-06
783,2023-11-29
784,2024-03-06
785,2024-05-20
786,2024-07-05
787,2025-02-06
788,2024-10-24
789,2023-09-06
790,2024-06-16
791,2024-11-12
792,2023-07-16
793,2024-03-16
794,2025-02-03
795,2025-04-01
796,2024-12-31
797,2025-08-13
798,2023-12-13
799,2023-10-23
800,2023-02-19
801,2023-12-27
802,2024-05-08
803,2024-08-29
804,2025-04-12
805,2023-04-14
806,2024-12-25
807,2023-03-17
808,2024-09-19
809,2024-03-03
810,2025-06-29
811,2024-04-02
812,2025-02-18
813,2024-03-21
814,2024-12-26
815,2025-03-13
816,2024-05-30
817,2023-08-15
818,2024-05-19
819,2024-01-12
820,2024-11-27
821,2023-12-26
822,2024-07-04
823,2024-04-15
824,2024-02-12
825,2023-11-18
826,2024-02-16
827,2023-04-07
828,2024-04-16
829,2024-11-01
830,2025-02-27
831,2024-06-13
832,2024-11-23
833,2023-08-24
834,2025-02-05
835,2024-03-18
836,2024-12-06
837,2023-08-21
838,2024-03-16
839,2024-07-06
840,2023-12-25
841,2024-09-03
842,2025-10-08
843,2023-03-20
844,2025-05-08
845,2024-03-26
846,2023-11-22
847,2024-04-11
848,2024-05-11
849,2024-05-27
850,2025-03-02
851,2024-06-21
852,2023-08-24
853,2025-03-17
854,2023-10-23
855,2024-07-28
856,2024-01-11
857,2024-02-08
858,2023-04-17
859,2024-08-23
860,2024-06-09
861,2023-09-23
862,2024-12-17
863,2024-11-27
864,2023-10-09
865,2023-02-19
866,2025-12-05
867,2025-05-23
868,2025-03-20
869,2024-11-30
870,2025-08-30
871,2024-05-18
872,2024-04-23
873,2023-12-26
874,2025-01-19
875,2025-04-28
876,2024-12-26
877,2024-08-21
878,2025-03-14
879,2023-11-10
880,2024-03-27
881,2025-02-09
882,2023-07-08
883,2024-11-28
884,2023-04-29
885,2024-07-24
886,2023-12-26
887,2024-05-19
888,2025-06-12
889,2025-10-09
890,2025-02-01
891,2025-06-30
892,2024-09-21
893,2025-04-23
894,2025-02-17
895,2024-06-24
896,2024-08-27
897,2025-07-01
898,2023-12-01
899,2025-03-01
900,2024-07-15
901,2025-04-15
902,2023-12-09
903,2023-05-22
904,2024-05-14
905,2024-01-25
906,2024-10-11
907,2024-12-01
908,2025-07-08
909,2024-09-26
910,2023-10-07
911,2025-02-01
912,2025-01-23
913,2025-02-01
914,2023-05-13
915,2024-06-04
916,2023-12-13
917,2024-04-18
918,2025-08-28
919,2024-11-19
920,2025-04-25
921,2025-01-11
922,2023-11-20
923,2024-11-13
924,2023-07-22
925,2025-09-12
926,2023-12-26
927,2024-01-28
928,2025-02-22
929,2025-01-07
930,2024-03-05
931,2024-05-05
932,2024-11-16
933,2023-05-21
934,2023-10-05
935,2024-01-29
936,2024-04-13
937,2023-07-13
938,2023-08-11
939,2024-11-03
940,2025-05-20
941,2024-03-07
942,2023-05-21
943,2024-07-25
944,2023-07-24
945,2024-11-26
946,2024-11-17
947,2025-04-08
948,2024-02-26
949,2025-01-29
950,2023-07-10
951,2024-11-21
952,2025-07-14
953,2024-02-21
954,2024-11-12
955,2024-10-05
956,2024-03-02
957,2025-06-04
958,2024-05-08
959,2025-01-27
960,2025-06-19
961,2024-01-09
962,2025-06-29
963,2023-07-17
964,2025-06-16
965,2025-06-06
966,2023-05-01
967,2024-03-27
968,2024-04-05
969,2023-08-06
970,2024-10-21
971,2023-09-29
972,2025-01-22
973,2023-08-18
974,2025-07-16
975,2024-09-04
976,2024-08-22
977,2024-01-05
978,2025-02-06
979,2024-12-21
980,2024-06-13
981,2024-07-14
982,2023-09-16
983,2024-01-24
984,2023-09-25
985,2023-11-19
986,2024-11-12
987,2025-03-25
988,2024-07-20
989,2024-04-22
990,2024-03-03
991,2025-05-09
992,2023-09-10
993,2024-08-15
994,2025-04-07
995,2023-09-28
996,2024-11-05
997,2025-10-24
998,2023-03-12
999,2025-01-02
1000,2025-11-20
1001,2025-03-18
1002,2025-03-12
1003,2023-07-05
1004,2024-07-08
1005,2024-03-05
1006,2024-10-10
1007,2025-11-22
1008,2025-07-01
1009,2025-04-17
1010,2025-09-24
1011,2023-12-22
1012,2025-02-08
1013,2025-08-09
1014,2023-05-25
1015,2023-04-06
1016,2025-06-25
1017,2025-09-02
1018,2024-03-09
1019,2025-05-13
1020,2025-05-26
1021,2023-08-22
1022,2023-09-04
1023,2025-04-09
1024,2024-01-04
1025,2024-12-15
1026,2025-03-13
1027,2023-04-17
1028,2025-01-14
1029,2025-01-01
1030,2025-03-24
1031,2024-07-18
1032,2024-09-16
1033,2024-11-10
1034,2024-07-31
1035,2024-04-27
1036,2024-06-24
1037,2024-04-13
1038,2023-12-22
1039,2024-01-16
1040,2024-01-27
1041,2024-02-20
1042,2024-09-12
1043,2024-08-05
1044,2025-03-19
1045,2023-09-19
1046,2024-07-10
1047,2025-09-16
1048,2024-09-01
1049,2024-11-16
1050,2024-02-07
1051,2024-06-10
1052,2024-09-17
1053,2024-02-02
1054,2023-10-31
1055,2024-03-03
1056,2024-05-19
1057,2024-07-28
1058,2024-09-19
1059,2024-09-19
1060,2023-04-21
1061,2025-02-22
1062,2024-11-16
1063,2024-01-13
1064,2025-08-19
1065,2023-12-24
1066,2024-03-11
1067,2023-10-15
1068,2024-11-18
1069,2023-09-15
1070,2023-10-26
1071,2024-07-30
1072,2024-04-04
1073,2023-12-28
1074,2024-04-04
1075,2024-09-18
1076,2024-03-12
1077,2024-05-27
1078,2023-11-08
1079,2023-12-28
1080,2024-07-09
1081,2023-08-27
1082,2025-01-24
1083,2024-09-24
1084,2023-04-14
1085,2023-07-13
1086,2024-05-02
1087,2025-02-27
1088,2024-04-23
1089,2024-09-21
1090,2024-05-04
1091,2024-10-30
1092,2025-09-30
1093,2024-12-25
1094,2024-05-16
1095,2023-11-20
1096,2025-03-20
1097,2023-11-20
1098,2023-05-04
1099,2023-12-29
1100,2024-01-02
1101,2024-06-15
1102,2024-01-29
1103,2024-05-13
1104,2023-03-16
1105,2024-06-26
1106,2023-04-21
1107,2024-01-03
1108,2024-09-13
1109,2024-08-17
1110,2024-12-08
1111,2024-07-19
1112,2023-07-07
1113,2024-12-17
1114,2024-02-16
1115,2024-10-18
1116,2023-11-17
1117,2024-10-28
1118,2024-05-09
1119,2024-03-03
1120,2023-11-07
1121,2025-01-07
1122,2025-02-27
1123,2024-05-14
1124,2023-12-13
1125,2023-03-30
1126,2024-05-24
1127,2025-05-03
1128,2024-06-09
1129,2024-12-24
1130,2023-05-31
1131,2024-01-19
1132,2025-02-03
1133,2024-12-10
1134,2024-10-25
1135,2024-05-07
1136,2025-03-22
1137,2023-09-21
1138,2023-10-19
1139,2024-11-23
1140,2025-02-10
1141,2024-01-10
1142,2024-04-15
1143,2024-04-06
1144,2024-07-18
1145,2025-10-01
1146,2025-03-28
1147,2023-10-30
1148,2023-08-13
1149,2024-09-03
1150,2024-10-11
1151,2025-02-17
1152,2024-06-19
1153,2025-03-15
1154,2024-11-15
1155,2023-05-08
1156,2025-09-23
1157,2023-08-25
1158,2024-07-10
1159,2024-01-28
1160,2024-05-04
1161,2025-04-23
1162,2024-04-12
1163,2024-09-16
1164,2024-07-22
1165,2023-04-08
1166,2025-02-04
1167,2025-08-14
1168,2025-01-16
1169,2025-04-19
1170,2024-10-29
1171,2024-08-12
1172,2024-04-12
1173,2024-04-01
1174,2023-03-16
1175,2023-05-21
1176,2023-06-27
1177,2023-05-20
1178,2024-05-08
1179,2024-01-05
1180,2025-08-08
1181,2023-06-19
1182,2025-06-29
1183,2023-12-26
1184,2025-08-06
1185,2024-10-31
1186,2024-02-21
1187,2024-01-25
1188,2025-07-29
1189,2024-09-06
1190,2023-12-29
1191,2024-08-21
1192,2024-06-07
1193,2024-12-04
1194,2025-02-25
1195,2024-02-13
1196,2024-10-15
1197,2025-06-26
1198,2025-06-21
1199,2025-04-19
1200,2024-10-10
1201,2023-06-05
1202,2025-01-27
1203,2023-09-04
1204,2024-07-31
1205,2023-10-23
1206,2024-08-01
1207,2025-01-08
1208,2024-06-25
1209,2024-04-28
1210,2025-03-25
1211,2024-10-16
1212,2025-03-08
1213,2025-01-23
1214,2024-10-31
1215,2025-07-12
1216,2023-06-24
1217,2023-05-11
1218,2024-01-14
1219,2024-01-27
1220,2024-09-23
1221,2025-01-09
1222,2024-02-01
1223,2024-08-16
1224,2025-02-02
1225,2025-01-26
1226,2024-05-26
1227,2024-07-21
1228,2023-08-10
1229,2024-03-11
1230,2023-07-04
1231,2024-05-18
1232,2023-02-08
1233,2024-07-24
1234,2024-07-11
1235,2023-10-05
1236,2024-10-01
1237,2024-02-22
1238,2024-07-21
1239,2025-01-12
1240,2023-09-05
1241,2025-08-11
1242,2024-10-04
1243,2024-04-24
1244,2024-02-24
1245,2024-03-17
1246,2025-03-24
1247,2025-02-01
1248,2025-06-30
1249,2025-06-19
1250,2024-10-14
1251,2024-10-11
1252,2024-06-14
1253,2023-08-04
1254,2023-12-21
1255,2023-11-23
1256,2024-03-20
1257,2023-05-12
1258,2024-12-26
1259,2024-05-09
1260,2024-05-17
1261,2025-01-12
1262,2023-07-31
1263,2024-01-18
1264,2025-01-16
1265,2023-05-14
1266,2023-12-26
1267,2023-12-11
1268,2025-01-08
1269,2024-04-28
1270,2023-09-09
1271,2023-11-28
1272,2024-06-06
1273,2024-10-26
1274,2023-08-07
1275,2024-11-21
1276,2024-02-07
1277,2023-10-18
1278,2024-11-07
1279,2023-08-26
1280,2024-12-04
1281,2024-05-07
1282,2025-04-30
1283,2025-05-01
1284,2024-08-21
1285,2025-04-26
1286,2023-09-01
1287,2023-09-16
1288,2025-05-14
1289,2023-07-23
1290,2024-06-03
1291,2023-11-08
1292,2024-05-06
1293,2025-07-07
1294,2025-01-17
1295,2023-06-16
1296,2023-07-12
1297,2024-09-23
1298,2023-05-28
1299,2024-06-01
1300,2024-06-16
1301,2025-01-09
1302,2024-05-18
1303,2025-11-08
1304,2025-08-25
1305,2024-12-29
1306,2023-12-26
1307,2024-12-06
1308,2023-04-22
1309,2024-09-17
1310,2024-08-11
1311,2023-08-15
1312,2025-09-23
1313,2025-07-11
1314,2024-03-30
1315,2023-12-10
1316,2024-01-01
1317,2025-01-14
1318,2024-11-22
1319,2024-10-22
1320,2024-10-13
1321,2023-04-10
1322,2023-10-31
1323,2025-01-13
1324,2024-07-08
1325,2024-07-21
1326,2024-12-16
1327,2024-06-28
1328,2025-06-02
1329,2025-07-03
1330,2024-07-12
1331,2025-02-04
1332,2025-08-29
1333,2025-07-21
1334,2024-11-03
1335,2024-04-09
1336,2024-04-04
1337,2024-09-28
1338,2023-07-05
1339,2025-01-11
1340,2025-02-06
1341,2024-04-15
1342,2025-05-21
1343,2024-04-24
1344,2025-03-04
1345,2023-05-18
1346,2025-01-15
1347,2025-01-08
1348,2024-03-11
1349,2024-06-12
1350,2025-03-04
1351,2024-12-14
1352,2024-06-30
1353,2025-07-01
1354,2024-11-14
1355,2024-03-23
1356,2025-07-01
1357,2024-04-30
1358,2025-05-27
1359,2023-01-18
1360,2023-07-15
1361,2023-09-20
1362,2023-08-20
1363,2024-12-31
1364,2025-01-07
1365,2024-03-21
1366,2023-08-31
1367,2025-09-08
1368,2024-02-24
1369,2023-11-04
1370,2024-04-30
1371,2023-11-28
1372,2025-04-29
1373,2023-11-16
1374,2024-04-04
1375,2023-09-01
1376,2024-08-12
1377,2024-09-16
1378,2023-10-15
1379,2024-10-06
1380,2025-01-12
1381,2023-06-25
1382,2024-08-19
1383,2024-09-24
1384,2023-10-20
1385,2024-04-29
1386,2025-06-30
1387,2025-02-23
1388,2023-03-06
1389,2024-11-04
1390,2024-06-25
1391,2023-12-28
1392,2025-09-11
1393,2024-04-24
1394,2023-12-07
1395,2025-03-03
1396,2024-09-30
1397,2024-01-24
1398,2024-10-19
1399,2023-12-30
1400,2023-11-01
1401,2024-09-22
1402,2024-03-12
1403,2023-06-20
1404,2023-10-13
1405,2025-04-24
1406,2024-11-18
1407,2025-05-04
1408,2024-12-03
1409,2025-03-07
1410,2025-03-22
1411,2024-10-23
1412,2023-11-17
1413,2023-11-02
1414,2024-05-08
1415,2024-01-20
1416,2023-12-18
1417,2024-01-17
1418,2024-06-21
1419,2023-12-29
1420,2024-03-04
1421,2024-10-29
1422,2025-01-14
1423,2024-05-11
1424,2024-01-24
1425,2023-09-21
1426,2024-01-13
1427,2025-01-06
1428,2023-10-01
1429,2023-11-25
1430,2023-10-27
1431,2025-02-24
1432,2023-09-12
1433,2024-08-05
1434,2025-06-17
1435,2025-04-18
1436,2024-06-30
1437,2024-08-24
1438,2025-03-26
1439,2025-09-05
1440,2024-07-31
1441,2024-08-21
1442,2025-04-12
1443,2025-02-11
1444,2023-06-30
1445,2024-04-04
1446,2024-05-04
1447,2025-10-07
1448,2023-12-08
1449,2024-05-27
1450,2024-12-11
1451,2024-06-27
1452,2024-03-20
1453,2024-04-22
1454,2023-11-05
1455,2023-08-18
1456,2024-04-03
1457,2024-11-11
1458,2023-12-19
1459,2025-01-31
1460,2023-11-17
1461,2024-12-11
1462,2025-04-08
1463,2023-10-08
1464,2024-10-03
1465,2024-08-25
1466,2024-01-01
1467,2025-11-04
1468,2024-08-14
1469,2023-08-04
1470,2024-08-05
1471,2023-09-11
1472,2025-03-22
1473,2023-11-03
1474,2023-12-01
1475,2024-02-03
1476,2024-09-17
1477,2024-08-31
1478,2024-07-04
1479,2023-12-11
1480,2024-02-06
1481,2025-10-30
1482,2024-09-02
1483,2025-06-15
1484,2024-04-20
1485,2024-11-24
1486,2024-01-03
1487,2024-04-21
1488,2023-12-23
1489,2024-12-05
1490,2024-10-22
1491,2024-06-16
1492,2025-06-01
1493,2024-08-11
1494,2025-06-22
1495,2023-08-31
1496,2025-02-21
1497,2024-07-19
1498,2024-02-17
1499,2023-11-23
1500,2024-08-19
1501,2024-12-04
1502,2025-06-06
1503,2025-06-06
1504,2024-10-08
1505,2025-04-21
1506,2024-01-22
1507,2024-09-23
1508,2024-12-20
1509,2023-09-01
1510,2024-08-15
1511,2024-06-14
1512,2025-06-16
1513,2025-04-23
1514,2023-08-07
1515,2024-12-19
1516,2023-12-21
1517,2023-08-15
1518,2025-08-26
1519,2023-06-21
1520,2025-01-03
1521,2024-11-14
1522,2024-02-22
1523,2023-12-11
1524,2023-11-11
1525,2024-08-01
1526,2024-10-12
1527,2023-11-02
1528,2024-02-06
1529,2023-10-19
1530,2025-12-17
1531,2024-08-26
1532,2024-03-11
1533,2024-04-16
1534,2025-02-03
1535,2023-11-30
1536,2024-04-21
1537,2024-11-30
1538,2023-05-06
1539,2024-10-08
1540,2025-07-05
1541,2025-09-22
1542,2024-05-14
1543,2024-12-20
1544,2025-03-03
1545,2025-09-09
1546,2024-12-02
1547,2024-05-21
1548,2024-02-26
1549,2023-07-09
1550,2025-10-15
1551,2024-01-30
1552,2025-02-27
1553,2024-11-03
1554,2023-05-05
1555,2024-07-07
1556,2023-09-01
1557,2025-02-16
1558,2024-10-31
1559,2025-05-22
1560,2024-08-12
1561,2024-07-12
1562,2024-05-01
1563,2023-09-25
1564,2023-09-20
1565,2024-07-16
1566,2024-01-05
1567,2025-02-22
1568,2023-10-17
1569,2024-03-30
1570,2023-12-30
1571,2025-06-01
1572,2024-07-13
1573,2025-07-30
1574,2025-03-11
1575,2025-06-02
1576,2025-06-16
1577,2024-12-19
1578,2025-07-25
1579,2024-02-10
1580,2025-07-24
1581,2023-11-25
1582,2025-06-09
1583,2023-08-23
1584,2024-10-30
1585,2024-11-02
1586,2024-08-06
1587,2023-12-06
1588,2024-04-22
1589,2024-04-25
1590,2024-01-15
1591,2023-12-29
1592,2025-10-02
1593,2023-02-14
1594,2025-08-17
1595,2023-10-07
1596,2024-05-12
1597,2023-12-17
1598,2024-02-24
1599,2025-04-17
1600,2024-08-18
1601,2024-06-30
1602,2023-09-20
1603,2025-07-10
1604,2023-07-26
1605,2024-04-18
1606,2024-12-21
1607,2025-02-10
1608,2024-04-18
1609,2025-02-05
1610,2024-01-15
1611,2024-06-21
1612,2024-09-24
1613,2025-02-03
1614,2024-11-27
1615,2023-03-12
1616,2025-02-24
1617,2023-07-13
1618,2023-04-07
1619,2024-11-09
1620,2025-03-31
1621,2024-07-29
1622,2024-09-01
1623,2023-11-21
1624,2024-12-11
1625,2024-10-15
1626,2023-10-17
1627,2024-09-13
1628,2023-12-06
1629,2025-02-06
1630,2024-01-12
1631,2024-07-02
1632,2024-01-16
1633,2024-02-16
1634,2024-08-17
1635,2024-07-03
1636,2024-11-16
1637,2024-04-23
1638,2024-02-10
1639,2024-04-25
1640,2023-08-02
1641,2024-04-22
1642,2025-02-03
1643,2024-11-06
1644,2024-10-03
1645,2023-10-17
1646,2024-03-01
1647,2024-04-30
1648,2024-10-12
1649,2025-03-02
1650,2023-09-17
1651,2024-10-03
1652,2024-04-24
1653,2024-03-06
1654,2023-10-26
1655,2024-05-16
1656,2025-04-25
1657,2024-07-18
1658,2025-04-18
1659,2023-05-26
1660,2025-04-18
1661,2025-02-09
1662,2025-03-24
1663,2023-07-16
1664,2024-01-23
1665,2024-06-22
1666,2023-03-27
1667,2024-09-13
1668,2024-04-26
1669,2023-05-14
1670,2024-12-13
1671,2023-08-30
1672,2024-10-26
1673,2025-01-20
1674,2024-12-20
1675,2023-06-01
1676,2024-10-08
1677,2023-12-31
1678,2023-08-13
1679,2025-09-01
1680,2023-09-29
1681,2024-07-09
1682,2024-01-04
1683,2025-01-08
1684,2024-03-27
1685,2024-09-21
1686,2024-11-06
1687,2025-03-31
1688,2024-12-17
1689,2025-03-24
1690,2023-08-10
1691,2024-04-06
1692,2025-06-05
1693,2024-10-13
1694,2023-10-17
1695,2023-10-24
1696,2024-11-09
1697,2024-03-20
1698,2025-04-13
1699,2025-04-27
1700,2024-10-24
1701,2025-07-04
1702,2023-03-06
1703,2024-03-17
1704,2025-02-15
1705,2024-05-29
1706,2024-02-17
1707,2025-07-06
1708,2025-03-02
1709,2024-06-14
1710,2025-06-26
1711,2023-07-18
1712,2024-03-25
1713,2024-01-10
1714,2025-04-30
1715,2025-09-13
1716,2024-01-04
1717,2025-07-14
1718,2024-11-12
1719,2024-12-20
1720,2023-12-03
1721,2024-11-17
1722,2024-04-09
1723,2023-12-16
1724,2024-05-19
1725,2024-04-28
1726,2023-09-27
1727,2024-09-23
1728,2025-01-09
1729,2024-12-15
1730,2023-04-25
1731,2025-02-25
1732,2024-03-07
1733,2025-08-18
1734,2025-06-21
1735,2025-08-18
1736,2024-11-27
1737,2024-02-09
1738,2025-03-14
1739,2024-01-11
1740,2023-08-09
1741,2023-10-30
1742,2024-11-24
1743,2025-03-11
1744,2024-03-18
1745,2023-11-04
1746,2024-06-04
1747,2024-05-29
1748,2024-11-04
1749,2024-11-20
1750,2024-10-10
1751,2024-08-17
1752,2024-10-23
1753,2024-04-19
1754,2023-06-16
1755,2025-11-14
1756,2024-07-24
1757,2024-07-12
1758,2025-01-20
1759,2025-02-17
1760,2024-09-11
1761,2024-10-01
1762,2023-11-30
1763,2024-04-03
1764,2024-01-13
1765,2025-06-09
1766,2023-12-06
1767,2023-03-22
1768,2023-06-01
1769,2024-05-15
1770,2025-03-27
1771,2024-04-22
1772,2023-06-28
1773,2024-07-28
1774,2024-05-28
1775,2023-05-27
1776,2025-01-07
1777,2025-05-04
1778,2025-03-07
1779,2025-05-11
1780,2025-09-14
1781,2024-06-23
1782,2023-08-05
1783,2024-08-16
1784,2023-04-13
1785,2023-11-13
1786,2023-12-15
1787,2025-07-10
1788,2023-11-06
1789,2023-12-31
1790,2024-12-02
1791,2024-08-01
1792,2025-03-24
1793,2025-02-09
1794,2025-05-24
1795,2024-05-04
1796,2024-12-13
1797,2025-03-07
1798,2025-01-31
1799,2025-06-05
1800,2024-07-09
1801,2024-06-29
1802,2023-04-17
1803,2023-08-24
1804,2024-12-12
1805,2023-11-23
1806,2024-03-06
1807,2025-03-31
1808,2025-05-07
1809,2023-07-25
1810,2024-09-03
1811,2024-03-11
1812,2025-10-30
1813,2025-05-16
1814,2025-05-29
1815,2024-03-08
1816,2024-04-12
1817,2023-11-18
1818,2024-06-23
1819,2025-02-14
1820,2024-10-22
1821,2024-11-11
1822,2023-05-21
1823,2023-12-11
1824,2025-08-16
1825,2024-09-24
1826,2023-11-04
1827,2023-05-08
1828,2023-04-10
1829,2025-01-19
1830,2023-09-26
1831,2024-10-22
1832,2024-02-26
1833,2023-06-11
1834,2024-01-18
1835,2024-07-05
1836,2025-04-28
1837,2023-11-23
1838,2024-01-31
1839,2023-12-27
1840,2023-04-20
1841,2023-06-05
1842,2025-02-01
1843,2024-04-22
1844,2024-11-24
1845,2024-01-22
1846,2023-04-05
1847,2024-11-06
1848,2024-12-02
1849,2024-01-01
1850,2024-11-13
1851,2023-10-13
1852,2024-05-11
1853,2025-01-11
1854,2024-11-24
1855,2025-08-01
1856,2024-06-04
1857,2025-01-22
1858,2024-10-28
1859,2024-05-20
1860,2025-05-28
1861,2024-02-08
1862,2023-04-12
1863,2025-07-12
1864,2025-03-05
1865,2023-12-10
1866,2023-11-16
1867,2023-09-13
1868,2025-05-07
1869,2023-10-06
1870,2024-12-17
1871,2024-06-16
1872,2023-08-20
1873,2024-05-28
1874,2024-01-13
1875,2023-10-14
1876,2024-02-01
1877,2024-01-05
1878,2024-02-11
1879,2024-01-04
1880,2025-03-23
1881,2025-01-19
1882,2024-07-19
1883,2025-01-20
1884,2025-03-21
1885,2025-01-28
1886,2024-10-17
1887,2024-09-30
1888,2023-12-12
1889,2023-12-10
1890,2025-04-03
1891,2024-02-03
1892,2023-09-09
1893,2024-03-31
1894,2024-03-03
1895,2024-12-07
1896,2023-12-23
1897,2025-01-11
1898,2024-03-14
1899,2024-05-23
1900,2025-03-07
1901,2024-05-06
1902,2025-07-20
1903,2024-01-30
1904,2024-07-08
1905,2024-12-04
1906,2024-09-20
1907,2024-10-18
1908,2023-08-21
1909,2024-09-29
1910,2024-08-27
1911,2023-07-08
1912,2023-12-07
1913,2024-01-10
1914,2025-02-06
1915,2023-06-25
1916,2023-03-14
1917,2024-09-20
1918,2025-08-12
1919,2024-01-23
1920,2024-12-10
1921,2024-10-04
1922,2023-11-23
1923,2025-04-27
1924,2024-05-15
1925,2024-09-06
1926,2024-02-03
1927,2023-11-24
1928,2025-07-10
1929,2024-11-25
1930,2024-03-31
1931,2025-04-18
1932,2024-03-15
1933,2025-08-09
1934,2024-08-08
1935,2024-04-16
1936,2023-06-28
1937,2024-06-05
1938,2023-11-20
1939,2023-12-09
1940,2023-11-17
1941,2024-08-26
1942,2023-08-23
1943,2024-07-25
1944,2023-11-10
1945,2024-01-02
1946,2025-11-01
1947,2023-09-18
1948,2025-06-05
1949,2024-03-28
1950,2023-05-10
1951,2025-03-23
1952,2025-03-16
1953,2024-03-12
1954,2024-08-10
1955,2025-03-11
1956,2025-03-31
1957,2025-06-29
1958,2023-11-24
1959,2023-02-22
1960,2024-10-25
1961,2024-12-13
1962,2023-12-05
1963,2024-06-11
1964,2023-10-30
1965,2023-03-29
1966,2024-12-18
1967,2023-12-17
1968,2024-04-29
1969,2024-04-05
1970,2023-08-15
1971,2024-11-16
1972,2024-02-22
1973,2024-01-17
1974,2024-02-27
1975,2024-05-19
1976,2025-01-16
1977,2024-05-25
1978,2024-11-06
1979,2024-08-20
1980,2024-08-01
1981,2024-05-11
1982,2023-10-30
1983,2024-09-07
1984,2025-06-21
1985,2023-06-11
1986,2024-11-17
1987,2025-08-21
1988,2024-09-28
1989,2024-05-08
1990,2024-12-15
1991,2025-10-15
1992,2025-05-05
1993,2023-04-08
1994,2024-04-21
1995,2024-02-04
1996,2023-11-20
1997,2023-09-03
1998,2025-10-01
1999,2024-01-04
2000,2024-04-28
